user,dataset,episode_index,start_frame,num_frames,parquet,video
sihyun77,sihyun_main_3,19,12,16,sihyun77/sihyun_main_3/data/chunk-000/episode_000019.parquet,sihyun77/sihyun_main_3/videos/chunk-000/observation.images.image/episode_000019.mp4
sihyun77,mond_1,29,24,16,sihyun77/mond_1/data/chunk-000/episode_000029.parquet,sihyun77/mond_1/videos/chunk-000/observation.images.image/episode_000029.mp4
vladfatu,so100_above,5,0,16,vladfatu/so100_above/data/chunk-000/episode_000005.parquet,vladfatu/so100_above/videos/chunk-000/observation.images.image/episode_000005.mp4
356c,so100_nut_sort_1,21,44,16,356c/so100_nut_sort_1/data/chunk-000/episode_000021.parquet,356c/so100_nut_sort_1/videos/chunk-000/observation.images.image/episode_000021.mp4
isadev,bougies3,7,0,16,isadev/bougies3/data/chunk-000/episode_000007.parquet,isadev/bougies3/videos/chunk-000/observation.images.image/episode_000007.mp4
lirislab,put_coffee_cap_teabox,2,4,16,lirislab/put_coffee_cap_teabox/data/chunk-000/episode_000002.parquet,lirislab/put_coffee_cap_teabox/videos/chunk-000/observation.images.image/episode_000002.mp4
pierfabre,chicken,39,24,16,pierfabre/chicken/data/chunk-000/episode_000039.parquet,pierfabre/chicken/videos/chunk-000/observation.images.image/episode_000039.mp4
Jiangeng,so100_413,3,4,16,Jiangeng/so100_413/data/chunk-000/episode_000003.parquet,Jiangeng/so100_413/videos/chunk-000/observation.images.image/episode_000003.mp4
RasmusP,so100_Orange2Green,41,40,16,RasmusP/so100_Orange2Green/data/chunk-000/episode_000041.parquet,RasmusP/so100_Orange2Green/videos/chunk-000/observation.images.image/episode_000041.mp4
Mohamedal,put_banana,29,36,16,Mohamedal/put_banana/data/chunk-000/episode_000029.parquet,Mohamedal/put_banana/videos/chunk-000/observation.images.image/episode_000029.mp4
weiye11,so100_410_zwy,98,28,16,weiye11/so100_410_zwy/data/chunk-000/episode_000098.parquet,weiye11/so100_410_zwy/videos/chunk-000/observation.images.image/episode_000098.mp4
roboticshack,team16-water-pouring,11,12,16,roboticshack/team16-water-pouring/data/chunk-000/episode_000011.parquet,roboticshack/team16-water-pouring/videos/chunk-000/observation.images.image/episode_000011.mp4
LemonadeDai,so100_coca,45,4,16,LemonadeDai/so100_coca/data/chunk-000/episode_000045.parquet,LemonadeDai/so100_coca/videos/chunk-000/observation.images.image/episode_000045.mp4
pierfabre,cow2,35,16,16,pierfabre/cow2/data/chunk-000/episode_000035.parquet,pierfabre/cow2/videos/chunk-000/observation.images.image/episode_000035.mp4
lirislab,red_cube_into_green_lego_block,20,28,16,lirislab/red_cube_into_green_lego_block/data/chunk-000/episode_000020.parquet,lirislab/red_cube_into_green_lego_block/videos/chunk-000/observation.images.image/episode_000020.mp4
Gano007,so100_medic,27,8,16,Gano007/so100_medic/data/chunk-000/episode_000027.parquet,Gano007/so100_medic/videos/chunk-000/observation.images.image/episode_000027.mp4
lirislab,red_cube_into_blue_cube,11,8,16,lirislab/red_cube_into_blue_cube/data/chunk-000/episode_000011.parquet,lirislab/red_cube_into_blue_cube/videos/chunk-000/observation.images.image/episode_000011.mp4
Odog16,so100_cube_stacking_v1,31,0,16,Odog16/so100_cube_stacking_v1/data/chunk-000/episode_000031.parquet,Odog16/so100_cube_stacking_v1/videos/chunk-000/observation.images.image/episode_000031.mp4
356c,so100_duck_reposition_1,55,52,16,356c/so100_duck_reposition_1/data/chunk-000/episode_000055.parquet,356c/so100_duck_reposition_1/videos/chunk-000/observation.images.image/episode_000055.mp4
lirislab,push_cup_target,20,0,16,lirislab/push_cup_target/data/chunk-000/episode_000020.parquet,lirislab/push_cup_target/videos/chunk-000/observation.images.image/episode_000020.mp4
Beegbrain,sweep_tissue_cube,28,0,16,Beegbrain/sweep_tissue_cube/data/chunk-000/episode_000028.parquet,Beegbrain/sweep_tissue_cube/videos/chunk-000/observation.images.image/episode_000028.mp4
dragon-95,so100_sorting_3,138,0,16,dragon-95/so100_sorting_3/data/chunk-000/episode_000138.parquet,dragon-95/so100_sorting_3/videos/chunk-000/observation.images.image/episode_000138.mp4
sihyun77,suho_3_17_1,12,92,16,sihyun77/suho_3_17_1/data/chunk-000/episode_000012.parquet,sihyun77/suho_3_17_1/videos/chunk-000/observation.images.image/episode_000012.mp4
paszea,so100_whale_2,36,24,16,paszea/so100_whale_2/data/chunk-000/episode_000036.parquet,paszea/so100_whale_2/videos/chunk-000/observation.images.image/episode_000036.mp4
roboticshack,team16-can-stacking,23,56,16,roboticshack/team16-can-stacking/data/chunk-000/episode_000023.parquet,roboticshack/team16-can-stacking/videos/chunk-000/observation.images.image/episode_000023.mp4
ganker5,so100_toy_20250402,85,64,16,ganker5/so100_toy_20250402/data/chunk-000/episode_000085.parquet,ganker5/so100_toy_20250402/videos/chunk-000/observation.images.image/episode_000085.mp4
pranavsaroha,so100_onelego2,24,8,16,pranavsaroha/so100_onelego2/data/chunk-000/episode_000024.parquet,pranavsaroha/so100_onelego2/videos/chunk-000/observation.images.image/episode_000024.mp4
lirislab,lemon_into_bowl,6,12,16,lirislab/lemon_into_bowl/data/chunk-000/episode_000006.parquet,lirislab/lemon_into_bowl/videos/chunk-000/observation.images.image/episode_000006.mp4
roboticshack,team-7-right-arm-grasp-tape,19,64,16,roboticshack/team-7-right-arm-grasp-tape/data/chunk-000/episode_000019.parquet,roboticshack/team-7-right-arm-grasp-tape/videos/chunk-000/observation.images.image/episode_000019.mp4
sihyun77,sihyun_3_17_2,13,12,16,sihyun77/sihyun_3_17_2/data/chunk-000/episode_000013.parquet,sihyun77/sihyun_3_17_2/videos/chunk-000/observation.images.image/episode_000013.mp4
Chojins,chess_game_000_white_red,75,28,16,Chojins/chess_game_000_white_red/data/chunk-000/episode_000075.parquet,Chojins/chess_game_000_white_red/videos/chunk-000/observation.images.image/episode_000075.mp4
Loki0929,so100_duck,34,16,16,Loki0929/so100_duck/data/chunk-000/episode_000034.parquet,Loki0929/so100_duck/videos/chunk-000/observation.images.image/episode_000034.mp4
